Category Slug,Aspect,Tagline (Positive),Aspect Explanation,Tagline (Mixed),Synonyms
household-ventilation-fans,Air Flow,Found it to have excellent air flow,"The fan's ability to circulate air effectively. For example, moving a large volume of air quickly.","{X} found it to have excellent air flow, but {Y} thought it was inadequate.","Air Circulation, Ventilation Capacity"
household-ventilation-fans,Noise Level,Appreciated the quiet operation,"How loud or quiet the fan is when in use. For example, whisper-quiet or noisy.","{X} appreciated the quiet operation, but {Y} found it too loud.","Sound Level, Decibel Rating"
household-ventilation-fans,Ease of Installation,Found it easy to install,"The simplicity of setting up and installing the fan. For example, straightforward instructions and mounting system.","{X} found it easy to install, while {Y} had difficulties.","Installation Ease, Setup Complexity"
household-ventilation-fans,Energy Efficiency,Praised for its energy efficiency,"The fan's ability to use less energy while still providing adequate ventilation. For example, being Energy Star certified.","{X} praised for its energy efficiency, but {Y} noticed high energy bills.","Power Consumption, Eco-Friendliness"
household-ventilation-fans,Build Quality,Liked the sturdy build quality,"The overall quality of the fan's construction. For example, durable materials and robust design.","{X} liked the sturdy build quality, while {Y} found it flimsy.","Construction Quality, Durability"
household-ventilation-fans,Adjustability,Appreciated the adjustable settings,"The fan's ability to be customized to suit different ventilation needs. For example, variable speed settings or adjustable direction.","{X} appreciated the adjustable settings, but {Y} found them limited.","Customization Options, Flexibility"
household-ventilation-fans,Filter Quality,Praised the high-quality filter,"The effectiveness of the fan's filter in capturing dust and other particles. For example, having a HEPA filter or washable filter.","{X} praised the high-quality filter, but {Y} found it ineffective.","Air Purification, Filtration System"
household-ventilation-fans,Style and Design,Liked the sleek and modern design,"The fan's visual appeal and ability to fit in with home decor. For example, compact design or stylish finish.","{X} liked the sleek and modern design, but {Y} found it unattractive.","Aesthetics, Visual Appeal"
household-ventilation-fans,Maintenance Ease,Found it easy to clean and maintain,"The simplicity of cleaning and maintaining the fan. For example, removable grill or washable filter.","{X} found it easy to clean and maintain, but {Y} had difficulties.","Maintenance Simplicity, Cleaning Ease"
household-ventilation-fans,Noise Reduction,Appreciated the noise reduction feature,"The fan's ability to reduce noise levels in the home. For example, sound-absorbing materials or acoustic design.","{X} appreciated the noise reduction feature, but {Y} found it ineffective.","Sound Reduction, Acoustic Performance"
electric-knives-slicers,Blade Quality,Praised the high-quality blade,"The sharpness, durability, and performance of the blade. For example, being rust-resistant and long-lasting.","{X} praised the high-quality blade, while {Y} found it dull.","Knife Sharpness, Edge Quality"
electric-knives-slicers,Ease of Use,Found it easy to operate,"The simplicity and convenience of using the electric knife. For example, comfortable grip and intuitive controls.","{X} found it easy to operate, but {Y} had difficulties.","Usability, Handling"
electric-knives-slicers,Safety Features,Appreciated the safety features,"The inclusion of features to prevent accidents. For example, automatic shut-off, child safety lock, or blade guard.","{X} appreciated the safety features, although {Y} found them insufficient.","Accident Prevention, Protective Features"
electric-knives-slicers,Cleaning Ease,Liked how easy it is to clean,"The simplicity of maintaining and cleaning the electric knife. For example, dishwasher-safe parts or easy disassembly.","{X} liked how easy it is to clean, but {Y} found it a hassle.","Maintenance Ease, Sanitizing Convenience"
electric-knives-slicers,Adjustability,Praised the adjustable settings,"The ability to customize the electric knife's performance. For example, variable speed control or adjustable slice thickness.","{X} praised the adjustable settings, while {Y} found them limited.","Customization Options, Versatility"
electric-knives-slicers,Storage Convenience,Appreciated the compact storage design,"The convenience of storing the electric knife when not in use. For example, compact size, built-in storage, or carrying case.","{X} appreciated the compact storage design, but {Y} found it bulky.","Portability, Space-Saving Design"
electric-knives-slicers,Noise Level,Liked the quiet operation,"The electric knife's noise level during operation. For example, being quiet or whisper-quiet.","{X} liked the quiet operation, but {Y} found it loud.","Sound Level, Quietness"
electric-knives-slicers,Cordless Convenience,Praised the cordless design,"The electric knife's cordless feature, allowing for greater mobility and ease of use.","{X} praised the cordless design, but {Y} found the battery life short.","Wireless Operation, Battery-Powered"
electric-knives-slicers,Weight and Ergonomics,Appreciated the comfortable weight and ergonomic design,"The electric knife's weight and design, affecting user comfort and fatigue.","{X} appreciated the comfortable weight and ergonomic design, while {Y} found it heavy.","Ergonomic Design, Comfortable Grip"
electric-knives-slicers,Additional Accessories,Liked the extra accessories included,"The inclusion of additional features or accessories, enhancing the electric knife's functionality.","{X} liked the extra accessories included, but {Y} found them useless.","Bonus Features, Included Extras"
