category_slug,old_aspect,new_aspect,tag_line,definition,mixed_title,Synonyms
instant-cameras,Image Quality,Image Quality,Praised the excellent image quality,"The clarity and vibrancy of the printed photos. For example, high-resolution images with accurate colors.","{X} praised the excellent image quality, while {Y} found it grainy.","Picture Clarity, Photo Resolution"
instant-cameras,Shutter Speed,Shutter Speed,Appreciated the fast shutter speed,"The speed at which the camera takes a photo after pressing the shutter button. For example, instant capture with minimal delay.","{X} appreciated the fast shutter speed, but {Y} experienced lag.","Capture Speed, Camera Response"
instant-cameras,Film Quality,Film Quality,Liked the quality of the film,"The quality of the film used in the camera, including its sensitivity, contrast, and durability. For example, high-quality film with vibrant colors.","{X} liked the quality of the film, though {Y} found it inconsistent.","Film Sensitivity, Photo Paper Quality"
instant-cameras,Design and Build,Design and Build,Praised the compact and stylish design,"The physical appearance and construction of the camera, including its size, weight, and materials. For example, sleek design with durable plastic.","{X} praised the compact and stylish design, but {Y} found it fragile.","Camera Body, Construction Quality"
instant-cameras,Flash Quality,Flash Quality,Appreciated the effective flash,"The performance of the camera's built-in flash, including its power, range, and color accuracy. For example, bright flash with minimal red-eye.","{X} appreciated the effective flash, while {Y} found it too weak.","Lighting Quality, Flash Power"
instant-cameras,Battery Life,Battery Life,Liked the long-lasting battery,"The duration of the camera's battery life, including the number of shots it can take before needing recharging. For example, multiple days of use on a single charge.","{X} liked the long-lasting battery, but {Y} found it drained quickly.","Power Duration, Charging Frequency"
instant-cameras,Viewfinder Quality,Viewfinder Quality,Praised the clear viewfinder,"The quality of the camera's viewfinder, including its clarity, brightness, and accuracy. For example, clear viewfinder with minimal distortion.","{X} praised the clear viewfinder, while {Y} found it murky.","Viewfinder Clarity, Viewing Experience"
instant-cameras,Additional Features,Additional Features,Appreciated the additional features,"Extra features beyond basic camera functionality, such as filters, timers, or manual settings. For example, built-in filters for creative effects.","{X} appreciated the additional features, though {Y} found them confusing.","Creative Options, Advanced Settings"
instant-cameras,Portability,Portability,Liked the compact and portable design,"How easy it is to carry and store the camera, including its size and weight. For example, fits easily in a purse or pocket.","{X} liked the compact and portable design, but {Y} found it too bulky.","Camera Size, Travel Convenience"
jar-candles,Burn Time,Burn Time,Praised for its long-lasting burn time,"How long the candle stays lit before it needs to be replaced. For example, hours or days of continuous burning.","{X} praised for its long-lasting burn time, but {Y} found it burned out quickly.","Burning Hours, Duration"
jar-candles,Scent Strength,Scent Strength,"Liked the strong, consistent scent","The intensity and consistency of the fragrance emitted by the candle. For example, strong, subtle, or overpowering.","{X} liked the strong, consistent scent, while {Y} found it too weak.","Fragrance Intensity, Aroma Strength"
jar-candles,Wax Quality,Wax Quality,"Appreciated the high-quality, smooth wax","The texture and composition of the wax used in the candle. For example, soy, beeswax, or paraffin.","{X} appreciated the high-quality, smooth wax, but {Y} found it to be of poor quality.","Wax Composition, Texture"
jar-candles,Jar Design,Jar Design,"Liked the stylish, decorative jar design","The aesthetic appeal and design of the candle's jar. For example, shape, size, color, and style.","{X} liked the stylish, decorative jar design, but {Y} found it to be unattractive.","Container Design, Visual Appeal"
jar-candles,Ease of Cleaning,Ease of Cleaning,Found it easy to clean the jar,"The ease of removing wax residue and cleaning the jar for reuse. For example, easy, moderate, or difficult cleaning.","{X} found it easy to clean the jar, but {Y} struggled with wax residue.","Cleaning Ease, Maintenance"
jar-candles,Color Options,Color Options,Appreciated the variety of color options,"The range of colors available for the candle. For example, limited, moderate, or extensive color palette.","{X} appreciated the variety of color options, but {Y} found the selection limited.","Color Range, Shade Options"
jar-candles,Flame Stability,Flame Stability,"Praised for its stable, consistent flame","The reliability and steadiness of the candle's flame. For example, steady, flickering, or inconsistent.","{X} praised for its stable, consistent flame, but {Y} experienced a flickering flame.","Flame Reliability, Burn Stability"
jar-candles,Safety Features,Safety Features,Appreciated the added safety features,"The inclusion of features that ensure safe use of the candle. For example, self-trimming wicks or safety labels.","{X} appreciated the added safety features, although {Y} found them insufficient.","Safety Precautions, Protective Measures"
jar-candles,Packaging,Packaging,"Liked the attractive, protective packaging","The quality and design of the packaging used to protect the candle during shipping and storage. For example, attractive, functional, or flimsy.","{X} liked the attractive, protective packaging, but {Y} found it inadequate.","Packaging Quality, Shipping Protection"
jar-candles,Value for Money,Value for Money,Found it to be a great value for the price,"The perceived value of the candle compared to its price. For example, excellent, fair, or poor value.","{X} found it to be a great value for the price, but {Y} thought it was overpriced.","Price Worthiness, Cost-Effectiveness"
jewelry-making-kits,Beading Quality,Beading Quality,Praised the high-quality beads,"The durability and aesthetic appeal of the beads provided in the kit. For example, being resistive to fading or chipping.","{X} praised the high-quality beads, while {Y} found them prone to breakage.","Bead Durability, Bead Aesthetic"
jewelry-making-kits,Instruction Clarity,Instruction Clarity,Found the instructions easy to follow,"How clear and concise the instructions are for assembling the jewelry. For example, step-by-step guides with illustrations.","{X} found the instructions easy to follow, but {Y} got confused.","Instructional Quality, Assembly Guidance"
jewelry-making-kits,Tool Quality,Tool Quality,Appreciated the high-quality tools,"The durability and effectiveness of the tools provided in the kit. For example, pliers, wire cutters, and stringing needles.","{X} appreciated the high-quality tools, although {Y} found them flimsy.","Tool Durability, Tool Effectiveness"
jewelry-making-kits,Material Variety,Material Variety,Liked the variety of materials included,"The range of materials provided in the kit, such as beads, strings, and findings. For example, offering a wide selection of colors and textures.","{X} liked the variety of materials included, while {Y} found the selection limited.","Material Options, Craft Supply Range"
jewelry-making-kits,Project Versatility,Project Versatility,Praised the versatility of the projects,"The flexibility of the kit in allowing users to create different jewelry pieces or customize their designs. For example, providing interchangeable components.","{X} praised the versatility of the projects, but {Y} found the designs restrictive.","Design Flexibility, Creative Freedom"
jewelry-making-kits,Findings Quality,Findings Quality,Appreciated the high-quality findings,"The durability and aesthetic appeal of the findings (e.g., clasps, earring backs, jump rings) provided in the kit.","{X} appreciated the high-quality findings, while {Y} found them subpar.","Finding Durability, Finding Aesthetic"
jewelry-making-kits,Cost-Effectiveness,Cost-Effectiveness,Found it to be a great value for the price,"The affordability of the kit and the quality of the materials provided in relation to the cost. For example, being an affordable introduction to jewelry making.","{X} found it to be a great value for the price, but {Y} thought it was overpriced.","Price-to-Quality Ratio, Affordability"
jewelry-making-kits,Design Inspiration,Design Inspiration,Liked the design inspiration provided,"The level of creative inspiration provided in the kit, including design ideas and examples. For example, offering visual guides or style suggestions.","{X} liked the design inspiration provided, but {Y} found it lacking.","Design Guidance, Creative Spark"
jewelry-making-kits,Skill Development,Skill Development,Appreciated the skill development opportunities,"The kit's ability to teach new jewelry-making skills or improve existing ones. For example, introducing new techniques or providing opportunities for practice.","{X} appreciated the skill development opportunities, but {Y} found it too challenging.","Learning Opportunities, Skill Enhancement"
jewelry-making-kits,Packaging and Storage,Packaging and Storage,Liked the organized packaging and storage,"The organization and storage of the kit's components, including the packaging and any storage containers provided. For example, having separate compartments for beads and findings.","{X} liked the organized packaging and storage, while {Y} found it cluttered.","Component Organization, Storage Convenience"
kids-comforter-sets,Softness,Softness,Praised for its ultra-soft fabric,"The level of comfort and gentleness of the comforter's material. For example, being plush and cuddly.","{X} praised for its ultra-soft fabric, though {Y} found it slightly scratchy.","Comfort Level, Texture"
kids-comforter-sets,Warmth,Warmth,Liked the perfect warmth,"The comforter's ability to keep the child warm and cozy. For example, being neither too hot nor too cold.","{X} liked the perfect warmth, but {Y} found it too hot.","Insulation, Cozy Factor"
kids-comforter-sets,Design and Pattern,Design and Pattern,Appreciated the adorable design,"The visual appeal of the comforter's design, colors, and patterns. For example, being fun and playful.","{X} appreciated the adorable design, though {Y} thought it was too bright.","Visual Appeal, Aesthetics"
kids-comforter-sets,Ease of Care,Ease of Care,Found it easy to wash and dry,"The simplicity of maintaining and cleaning the comforter. For example, being machine washable and dryable.","{X} found it easy to wash and dry, but {Y} had trouble removing stains.","Maintenance, Cleanability"
kids-comforter-sets,Size Options,Size Options,Liked the variety of size options,"The range of sizes available to fit different beds and children. For example, twin, full, and queen sizes.","{X} liked the variety of size options, though {Y} found the twin size too small.","Fit Options, Bed Compatibility"
kids-comforter-sets,Fill Power,Fill Power,Appreciated the generous fill power,"The amount of filling material inside the comforter. For example, being thick and plush.","{X} appreciated the generous fill power, but {Y} found it too thin.","Loft, Thickness"
kids-comforter-sets,Breathability,Breathability,Liked its breathability,"The comforter's ability to allow air to circulate and prevent overheating. For example, being lightweight and airy.","{X} liked its breathability, though {Y} found it too hot.","Airflow, Ventilation"
kids-comforter-sets,Durability,Durability,Praised for its durability,"The comforter's ability to withstand regular use and washing. For example, being long-lasting and resistant to wear.","{X} praised for its durability, but {Y} experienced pilling.","Longevity, Quality Construction"
kids-comforter-sets,Hypoallergenic,Hypoallergenic,Appreciated the hypoallergenic material,"The comforter's potential to minimize allergic reactions. For example, being made from materials that resist dust mites and allergens.","{X} appreciated the hypoallergenic material, though {Y} still experienced allergy issues.","Allergy-Friendly, Sensitive Skin Friendly"
kids-comforter-sets,Value for Money,Value for Money,Found it a great value for the price,"The balance between the comforter's quality and its price. For example, being affordable and offering good quality.","{X} found it a great value for the price, but {Y} thought it was overpriced.","Affordability, Price-Quality Ratio"
kids-cooking-kits,Recipe Variety,Recipe Variety,Loved the diverse and fun recipe options,"The range and creativity of recipes included in the kit. For example, sweet treats, savory dishes, and international cuisine.","{X} loved the diverse and fun recipe options, while {Y} found them too repetitive.","Recipe Selection, Meal Variety"
kids-cooking-kits,Ingredient Quality,Ingredient Quality,"Appreciated the high-quality, fresh ingredients","The freshness and quality of the ingredients provided in the kit. For example, organic fruits and vegetables.","{X} appreciated the high-quality, fresh ingredients, but {Y} received stale or expired items.","Ingredient Freshness, Food Quality"
kids-cooking-kits,Educational Value,Educational Value,Praised the kit's educational value and learning experience,"How well the kit teaches kids about cooking, measurements, and kitchen safety. For example, including educational materials and fun facts.","{X} praised the kit's educational value and learning experience, while {Y} found it lacking.","Learning Experience, Cooking Skills"
kids-cooking-kits,Ease of Use,Ease of Use,Found the kit easy to follow and use,"How simple and intuitive the kit is to use, even for young children. For example, clear instructions and simple recipes.","{X} found the kit easy to follow and use, but {Y} encountered difficulties.","Usability, Kid-Friendliness"
kids-cooking-kits,Safety Features,Safety Features,Appreciated the emphasis on kitchen safety and precautions,"The inclusion of safety guidelines and precautions to ensure kids cook safely. For example, heat-resistant utensils and oven mitts.","{X} appreciated the emphasis on kitchen safety and precautions, but {Y} felt it was insufficient.","Kitchen Safety, Child Safety"
kids-cooking-kits,Creativity Encouragement,Creativity Encouragement,Loved how the kit encouraged creativity and experimentation,"How well the kit allows kids to express their creativity and try new things. For example, including blank recipe cards or decoration tools.","{X} loved how the kit encouraged creativity and experimentation, while {Y} felt it was too structured.","Creative Freedom, Imagination"
kids-cooking-kits,Cleanliness and Organization,Cleanliness and Organization,Appreciated the kit's focus on cleanliness and organization,"The inclusion of tools and materials to promote cleanliness and organization in the kitchen. For example, utensil holders and recipe folders.","{X} appreciated the kit's focus on cleanliness and organization, but {Y} found it messy.","Kitchen Organization, Cleanliness Essentials"
kids-cooking-kits,Parental Involvement,Parental Involvement,Loved the opportunities for parent-child bonding and involvement,"How well the kit encourages parents to participate and bond with their kids during cooking. For example, including activities for adults to assist with.","{X} loved the opportunities for parent-child bonding and involvement, but {Y} felt it was too reliant on adult assistance.","Family Bonding, Parental Participation"
kids-cooking-kits,Customization,Customization,Appreciated the ability to customize recipes and ingredients,"How well the kit allows kids to personalize recipes and ingredients based on their preferences. For example, including alternative ingredients or recipe variations.","{X} appreciated the ability to customize recipes and ingredients, but {Y} found it limited.","Personalization, Flexibility"
kids-cooking-kits,Cost and Value,Cost and Value,Found the kit to be a great value for the price,"The overall cost-effectiveness of the kit, considering the quality and quantity of ingredients and materials provided.","{X} found the kit to be a great value for the price, but {Y} thought it was overpriced.","Price Point, Cost-Effectiveness"
kids-watercolor-paint,Color Vibrancy,Color Vibrancy,Praised the vibrant colors,"The brightness and intensity of the paint colors. For example, rich and bold hues.","{X} praised the vibrant colors, while {Y} found them dull.","Color Intensity, Hue Saturation"
kids-watercolor-paint,Ease of Use,Ease of Use,Found it easy for kids to use,"The simplicity of using the paint for children. For example, easy to apply and control.","{X} found it easy for kids to use, but {Y} had difficulties.","Usability, Kid-Friendliness"
kids-watercolor-paint,Washability,Washability,Appreciated how easily it washes off,"How easily the paint can be removed from surfaces or skin. For example, easy clean-up.","{X} appreciated how easily it washes off, while {Y} found it difficult.","Clean-up Ease, Stain Removal"
kids-watercolor-paint,Texture,Texture,Liked the smooth texture,"The feel and consistency of the paint. For example, smooth and consistent flow.","{X} liked the smooth texture, but {Y} found it too runny.","Consistency, Flowability"
kids-watercolor-paint,Lightfastness,Lightfastness,Praised its resistance to fading,"The paint's ability to retain its colors over time. For example, resistant to UV light.","{X} praised its resistance to fading, while {Y} noticed color loss.","Color Retention, Fade Resistance"
kids-watercolor-paint,Set Includes,Set Includes,Appreciated the comprehensive set,"The completeness of the paint set. For example, includes a variety of colors and tools.","{X} appreciated the comprehensive set, but {Y} found it lacking.","Set Completeness, Content Variety"
kids-watercolor-paint,Safety Features,Safety Features,Praised its safe and non-toxic formula,"The safety of the paint for children. For example, non-toxic and hypoallergenic.","{X} praised its safe and non-toxic formula, while {Y} had concerns.","Child Safety, Health Safety"
kids-watercolor-paint,Blending Capability,Blending Capability,Liked how easily colors blend,"The ability to mix and blend colors. For example, easy to create shades and tints.","{X} liked how easily colors blend, but {Y} found it difficult.","Color Mixing, Pigment Blending"
kids-watercolor-paint,Paper Compatibility,Paper Compatibility,Praised how well it works on different papers,"The paint's performance on various types of paper. For example, works well on multiple surfaces.","{X} praised how well it works on different papers, while {Y} experienced issues.","Paper Versatility, Surface Compatibility"
kids-watercolor-paint,Educational Value,Educational Value,Appreciated the educational benefits,"The educational value of the paint. For example, teaches color theory and art skills.","{X} appreciated the educational benefits, but {Y} found it lacking.","Learning Opportunities, Artistic Development"
kitchen-linen-sets,Material Softness,Material Softness,Praised for its ultra-soft material,"The comfort and gentle feel of the linens. For example, gentle on hands and surfaces.","{X} praised for its ultra-soft material, while {Y} found it a bit coarse.","Texture, Gentle Touch"
kitchen-linen-sets,Absorbency,Absorbency,Appreciated its excellent absorbency,"The linens' ability to absorb spills and messes. For example, quickly soaking up liquids.","{X} appreciated its excellent absorbency, though {Y} found it lacked in this area.","Water Absorption, Liquid Absorbency"
kitchen-linen-sets,Color Retention,Color Retention,Liked how the colors stayed vibrant,"How well the linens retain their original color and vibrancy after washing and use. For example, resisting fading and bleeding.","{X} liked how the colors stayed vibrant, but {Y} noticed some fading.","Color Fastness, Vibrancy Retention"
kitchen-linen-sets,Lint-Free,Lint-Free,Found it lint-free and convenient,"The lack of lint or fibers leaving behind residue. For example, not leaving behind pesky fibers on dishes or surfaces.","{X} found it lint-free and convenient, while {Y} experienced some residue.","Fiber-Free, Residue-Free"
kitchen-linen-sets,Drying Speed,Drying Speed,Appreciated how quickly they dried,"How fast the linens dry after washing or use. For example, quick-drying and preventing bacteria growth.","{X} appreciated how quickly they dried, though {Y} found them slow to dry.","Quick Drying, Fast Evaporation"
kitchen-linen-sets,Durability,Durability,Praised for its long-lasting durability,"The linens' ability to withstand repeated washing, use, and wear. For example, resisting tears and snags.","{X} praised for its long-lasting durability, while {Y} found them prone to wear.","Long-Lasting, Robust Construction"
kitchen-linen-sets,Ergonomic Design,Ergonomic Design,Liked the ergonomic design for comfort,"The design and shape of the linens for comfortable handling and use. For example, contoured shapes for easy grip.","{X} liked the ergonomic design for comfort, but {Y} found it awkward.","Comfort Design, User-Friendly Shape"
kitchen-linen-sets,Value for Money,Value for Money,Found it an excellent value for the price,"The perceived value of the linens compared to their cost. For example, quality vs. price ratio.","{X} found it an excellent value for the price, while {Y} thought it was overpriced.","Price-Quality Ratio, bang for the buck"
kitchen-linen-sets,Stain Resistance,Stain Resistance,Appreciated its stain-resistant treatment,"The linens' ability to resist or repel stains and spills. For example, having a stain-repellent coating.","{X} appreciated its stain-resistant treatment, though {Y} found it didn't work well.","Stain Repellency, Spill Resistance"
kitchen-linen-sets,Easy Care,Easy Care,Liked how easy they were to care for,"The simplicity of washing, drying, and maintaining the linens. For example, machine washable and dryable.","{X} liked how easy they were to care for, while {Y} found them high-maintenance.","Low Maintenance, Easy Maintenance"
kitchen-shears,Sharpness,Sharpness,Praised for their sharp blades,"The ability of the scissors to cut through various materials efficiently. For example, easily slicing through meat, vegetables, and herbs.","{X} praised for their sharp blades, while {Y} found them dull.","Blade Quality, Cutting Ability"
kitchen-shears,Ergonomics,Ergonomics,Appreciated the comfortable grip,"The design of the handle and its comfort during use. For example, fitting well in the hand and reducing fatigue.","{X} appreciated the comfortable grip, but {Y} found it too small.","Handle Design, Hand Feel"
kitchen-shears,Material Durability,Material Durability,Liked the durable stainless steel construction,"The quality and durability of the materials used to make the scissors. For example, rust-resistant and long-lasting.","{X} liked the durable stainless steel construction, though {Y} experienced rusting.","Build Quality, Material Strength"
kitchen-shears,Adjustability,Adjustability,Found the adjustable tension to be helpful,"The ability to adjust the scissors' tension to suit different tasks and materials. For example, easily switching between cutting soft herbs and thick meat.","{X} found the adjustable tension to be helpful, but {Y} struggled with it.","Tension Control, Customization"
kitchen-shears,Cleaning Ease,Cleaning Ease,Appreciated the easy cleaning design,"How easy it is to clean the scissors, including the ease of removing any debris or residue. For example, dishwasher safe or easily wiped clean.","{X} appreciated the easy cleaning design, but {Y} found it difficult to clean.","Maintenance, Sanitizing"
kitchen-shears,Weight,Weight,Liked the balanced weight distribution,"The overall weight of the scissors and how it affects their handling and use. For example, being light enough for comfortable use but substantial enough for efficient cutting.","{X} liked the balanced weight distribution, but {Y} found it too heavy.","Handling Balance, Portability"
kitchen-shears,Corrosion Resistance,Corrosion Resistance,Praised for their rust-resistant coating,"The ability of the scissors to resist corrosion and rust, ensuring long-term durability. For example, having a protective coating or being made from corrosion-resistant materials.","{X} praised for their rust-resistant coating, but {Y} experienced corrosion.","Rust Protection, Longevity"
kitchen-shears,Opening and Closing,Opening and Closing,Appreciated the smooth opening and closing action,"The ease and smoothness of opening and closing the scissors. For example, having a smooth pivot point and effortless action.","{X} appreciated the smooth opening and closing action, but {Y} found it stiff.","Action Smoothness, Operational Ease"
kitchen-shears,Handle Material,Handle Material,Liked the ergonomic handle material,"The type and quality of the material used for the handle, affecting comfort and grip. For example, being made from a non-slip, soft-grip material.","{X} liked the ergonomic handle material, but {Y} found it slippery.","Grip Material, Handle Texture"
kitchen-shears,Additional Features,Additional Features,Appreciated the included accessories,"Any additional features or accessories that come with the scissors, such as a sharpener, case, or bottle opener. For example, having a built-in bottle opener or sharpener.","{X} appreciated the included accessories, but {Y} found them unnecessary.","Bundle Value, Extras"
kraft-paper,Paper Quality,Paper Quality,Praised the paper quality,"The durability and texture of the paper. For example, being tear-resistant and smooth.","{X} praised the paper quality, but {Y} thought it was too thin.","Texture, Thickness"
kraft-paper,Brightness,Brightness,Appreciated the bright color,"The level of whiteness or brightness of the paper. For example, being suitable for writing or printing.","{X} appreciated the bright color, though {Y} found it too yellow.","Whiteness, Color Tone"
kraft-paper,Weight,Weight,Liked the perfect weight,"The heaviness or lightness of the paper. For example, being suitable for crafting or writing.","{X} liked the perfect weight, but {Y} found it too flimsy.","Grammage, Density"
kraft-paper,Acid-Free,Acid-Free,Found it acid-free,"The paper's ability to resist yellowing or degradation over time. For example, being suitable for archiving or long-term storage.","{X} found it acid-free, but {Y} noticed yellowing.","Archival Quality, Long-Lasting"
kraft-paper,Sizing,Sizing,Appreciated the accurate sizing,"The paper's dimensions and cutting accuracy. For example, being suitable for specific crafting or printing projects.","{X} appreciated the accurate sizing, but {Y} found it inconsistent.","Size Accuracy, Cutting Precision"
kraft-paper,Tear Resistance,Tear Resistance,Praised its tear resistance,"The paper's ability to resist tearing or ripping. For example, being suitable for heavy use or handling.","{X} praised its tear resistance, while {Y} experienced tears.","Durability, Ripping Resistance"
kraft-paper,Surface Texture,Surface Texture,Liked the smooth surface,"The paper's surface finish. For example, being suitable for writing, printing, or crafting.","{X} liked the smooth surface, but {Y} found it too rough.","Finish, Grain"
kraft-paper,Ink Absorption,Ink Absorption,Appreciated the ink absorption,"The paper's ability to absorb ink or other writing materials. For example, being suitable for writing, journaling, or art.","{X} appreciated the ink absorption, though {Y} experienced bleeding.","Ink Handling, Bleed-Through"
kraft-paper,Moisture Resistance,Moisture Resistance,Found it moisture-resistant,"The paper's ability to resist moisture or water damage. For example, being suitable for outdoor use or in humid environments.","{X} found it moisture-resistant, but {Y} experienced water damage.","Water Resistance, Moisture Protection"
kraft-paper,Packaging,Packaging,Liked the convenient packaging,"The packaging of the paper. For example, being easy to store, handle, or transport.","{X} liked the convenient packaging, but {Y} found it bulky.","Storage, Handling"
lactase-nutritional-supplements,Digestive Comfort,Digestive Comfort,Found it eased digestive discomfort,"How well the supplement helps alleviate digestive issues. For example, bloating, gas, and stomach cramps.","{X} found it eased digestive discomfort, while {Y} experienced no relief.","Stomach Comfort, Gut Health"
lactase-nutritional-supplements,Lactose Tolerance,Lactose Tolerance,Praised its ability to break down lactose,"The effectiveness of the supplement in helping the body digest lactose. For example, reducing lactose intolerance symptoms.","{X} praised its ability to break down lactose, but {Y} still experienced lactose intolerance.","Lactose Digestion, Dairy Tolerance"
lactase-nutritional-supplements,Dosage Convenience,Dosage Convenience,Liked the easy-to-take dosage,"The convenience and ease of taking the supplement. For example, capsules, tablets, or powder forms.","{X} liked the easy-to-take dosage, but {Y} found it inconvenient.","Usage Ease, Convenience"
lactase-nutritional-supplements,Allergy Concerns,Allergy Concerns,Appreciated it being hypoallergenic,"The potential for the supplement to cause allergic reactions. For example, being free from common allergens.","{X} appreciated it being hypoallergenic, although {Y} experienced an allergic reaction.","Allergen-Free, Hypoallergenicity"
lactase-nutritional-supplements,Price Affordability,Price Affordability,Found it to be reasonably priced,"The cost-effectiveness of the supplement. For example, being priced competitively compared to other lactase supplements.","{X} found it to be reasonably priced, but {Y} thought it was overpriced.","Cost-Effectiveness, Value for Money"
lactase-nutritional-supplements,Brand Reputation,Brand Reputation,Trusted the brand's reputation,"The credibility and trustworthiness of the brand. For example, having a good manufacturing process and quality control.","{X} trusted the brand's reputation, while {Y} had doubts about its credibility.","Brand Credibility, Manufacturer Reputation"
lactase-nutritional-supplements,Product Variety,Product Variety,Appreciated the range of product options,"The availability of different product forms, flavors, or strengths. For example, offering various capsule sizes or flavors.","{X} appreciated the range of product options, but {Y} wanted more variety.","Product Range, Option Variety"
lactase-nutritional-supplements,Customer Support,Customer Support,Liked the helpful customer support,"The responsiveness and helpfulness of the brand's customer support. For example, offering clear instructions and timely responses.","{X} liked the helpful customer support, but {Y} had a poor experience.","Customer Service, Support Quality"
lactase-nutritional-supplements,Scientific Evidence,Scientific Evidence,Praised the scientific backing,"The availability and credibility of scientific research supporting the supplement's effectiveness. For example, clinical trials and peer-reviewed studies.","{X} praised the scientific backing, while {Y} questioned its validity.","Research-Backed, Scientifically Formulated"
lactase-nutritional-supplements,Packaging Quality,Packaging Quality,Liked the high-quality packaging,"The integrity and design of the packaging. For example, being resealable, tamper-evident, or eco-friendly.","{X} liked the high-quality packaging, but {Y} found it lacking.","Packaging Design, Material Quality"
laptop-skins-decals,Design Variety,Design Variety,Praised the wide range of design options,"The availability of different designs, patterns, and colors to choose from.","{X} praised the wide range of design options, but {Y} found the selection limited.","Design Choices, Pattern Options"
laptop-skins-decals,Material Quality,Material Quality,Appreciated the high-quality material,"The durability and texture of the skin or decal material. For example, being scratch-resistant and soft to the touch.","{X} appreciated the high-quality material, while {Y} found it flimsy.","Material Durability, Texture"
laptop-skins-decals,Easy Installation,Easy Installation,Found it easy to apply,The simplicity and convenience of installing the skin or decal on the laptop.,"{X} found it easy to apply, but {Y} had trouble with air bubbles.","Application Ease, Installation Process"
laptop-skins-decals,Adhesive Strength,Adhesive Strength,Liked the strong adhesive,The effectiveness of the adhesive in keeping the skin or decal in place.,"{X} liked the strong adhesive, but {Y} experienced peeling.","Adhesive Durability, Stickiness"
laptop-skins-decals,Customization Options,Customization Options,Appreciated the ability to customize,"The ability to personalize the skin or decal with names, logos, or custom designs.","{X} appreciated the ability to customize, but {Y} found the process complicated.","Personalization Options, Tailor-made Designs"
laptop-skins-decals,Removal Ease,Removal Ease,Found it easy to remove,The ease of removing the skin or decal without damaging the laptop.,"{X} found it easy to remove, but {Y} had trouble with residue.","Removal Process, Damage-Free Removal"
laptop-skins-decals,Protection Level,Protection Level,Praised the level of protection,"The extent to which the skin or decal protects the laptop from scratches, drops, or other forms of damage.","{X} praised the level of protection, though {Y} experienced scratches.","Damage Protection, Scratch Resistance"
laptop-skins-decals,Cost-Effectiveness,Cost-Effectiveness,Liked the affordable price,The value for money offered by the skin or decal.,"{X} liked the affordable price, but {Y} thought it was overpriced.","Price Value, Budget-Friendly"
laptop-skins-decals,Compatibility,Compatibility,Appreciated the compatibility with my laptop,The compatibility of the skin or decal with different laptop models and sizes.,"{X} appreciated the compatibility with my laptop, but {Y} found it didn't fit.","Laptop Fit, Compatibility Range"
laptop-skins-decals,Durability,Durability,Praised the durability of the skin,The ability of the skin or decal to withstand daily wear and tear.,"{X} praised the durability of the skin, while {Y} experienced fading.","Longevity, Wear and Tear Resistance"
laundry-detergent-pacs-tablets,Cleaning Power,Cleaning Power,Praised for its exceptional cleaning power,"The ability of the detergent to remove tough stains and leave clothes clean. For example, effectively removing grease and food residue.","{X} praised for its exceptional cleaning power, while {Y} found it struggled with tough stains.","Stain Removal, Washing Performance"
laundry-detergent-pacs-tablets,Freshness and Scent,Freshness and Scent,Liked the long-lasting freshness and scent,"The lingering freshness and fragrance of the detergent after wash. For example, leaving a pleasant aroma on clothes.","{X} liked the long-lasting freshness and scent, but {Y} found the fragrance overpowering.","Fragrance, Odor Elimination"
laundry-detergent-pacs-tablets,Convenience,Convenience,Appreciated the ease of use,"The simplicity of using the detergent pacs or tablets. For example, pre-measured doses and easy to dispense.","{X} appreciated the ease of use, but {Y} found the tablets difficult to dissolve.","Ease of Use, Convenience"
laundry-detergent-pacs-tablets,Gentleness on Clothes,Gentleness on Clothes,Praised for its gentle care,"The detergent's ability to clean clothes without causing damage or wear. For example, gentle on fabrics and colors.","{X} praised for its gentle care, while {Y} experienced fabric damage.","Fabric Protection, Gentle Cleaning"
laundry-detergent-pacs-tablets,Environmental Impact,Environmental Impact,Liked its eco-friendly formula,"The detergent's impact on the environment. For example, biodegradable, free of harsh chemicals, and recyclable packaging.","{X} liked its eco-friendly formula, but {Y} found the packaging not fully recyclable.","Sustainability, Eco-Friendliness"
laundry-detergent-pacs-tablets,Value for Money,Value for Money,Found it to be a great value,"The cost-effectiveness of the detergent pacs or tablets. For example, affordable and long-lasting.","{X} found it to be a great value, but {Y} thought it was overpriced.","Affordability, Cost-Effectiveness"
laundry-detergent-pacs-tablets,Color Protection,Color Protection,Appreciated its color-safe formula,"The detergent's ability to protect and preserve clothing colors. For example, preventing fading and running.","{X} appreciated its color-safe formula, while {Y} experienced color loss.","Color Preservation, Fading Protection"
laundry-detergent-pacs-tablets,Dosing Accuracy,Dosing Accuracy,Liked the accurate dosing,"The precision of the pre-measured detergent doses. For example, ensuring the right amount for each load.","{X} liked the accurate dosing, but {Y} found the tablets sometimes broke apart.","Dosing Precision, Measured Dosage"
laundry-detergent-pacs-tablets,Compatibility,Compatibility,Praised for its compatibility with my washer,"The detergent's ability to work effectively with different washing machines. For example, high-efficiency and non-high-efficiency washers.","{X} praised for its compatibility with my washer, while {Y} experienced issues with residue buildup.","Washer Compatibility, Performance"
lava-lamps,Visual Appeal,Visual Appeal,Loved the mesmerizing visual effects,"The lamp's ability to create a hypnotic and calming visual experience. For example, colorful glow, fluid motion.","{X} loved the mesmerizing visual effects, while {Y} found it too flashy.","Aesthetic Appeal, Visual Interest"
lava-lamps,Lighting Quality,Lighting Quality,"Appreciated the soft, warm light","The lamp's ability to provide a calming and soothing lighting experience. For example, gentle glow, cozy ambiance.","{X} appreciated the soft, warm light, but {Y} found it too dim.","Illumination, Glow Quality"
lava-lamps,Color Options,Color Options,Liked the variety of color options,"The range of colors available for the lamp. For example, vibrant, pastel, neon.","{X} liked the variety of color options, but {Y} wanted more choices.","Color Variety, Hue Options"
lava-lamps,Base Quality,Base Quality,Praised the sturdy base,"The stability and durability of the lamp's base. For example, heavy, weighted, non-slip.","{X} praised the sturdy base, but {Y} found it flimsy.","Base Material, Stability"
lava-lamps,Glow Pattern,Glow Pattern,Appreciated the unique glow pattern,"The distinctive way the lamp's wax moves and flows. For example, slow, flowing, swirling.","{X} appreciated the unique glow pattern, but {Y} found it too random.","Wax Flow, Lighting Pattern"
lava-lamps,Size Options,Size Options,Liked the range of size options,"The variety of sizes available for the lamp. For example, small, medium, large.","{X} liked the range of size options, but {Y} wanted more customization.","Size Variety, Dimension Options"
lava-lamps,Energy Efficiency,Energy Efficiency,Appreciated the energy-efficient design,"The lamp's ability to use minimal energy while providing a pleasant lighting experience. For example, low-wattage, eco-friendly.","{X} appreciated the energy-efficient design, but {Y} found it didn't make a difference.","Power Consumption, Eco-Friendliness"
lava-lamps,Durability,Durability,Praised the durable construction,"The lamp's ability to withstand regular use and handling. For example, long-lasting, resistant to damage.","{X} praised the durable construction, but {Y} experienced breakage.","Build Quality, Longevity"
lava-lamps,Noise Level,Noise Level,Appreciated the silent operation,"The lamp's ability to function quietly and without disturbing noise. For example, silent, peaceful.","{X} appreciated the silent operation, but {Y} noticed a slight hum.","Noise Level, Quiet Operation"
lava-lamps,Assembly Ease,Assembly Ease,Found it easy to assemble,"The simplicity of assembling the lamp. For example, easy-to-follow instructions, few parts.","{X} found it easy to assemble, but {Y} struggled with the process.","Assembly Difficulty, Setup Ease"
lighting-soft-boxes,Light Quality,Light Quality,"Praised the soft, natural light","The quality of light produced by the softbox. For example, softness, warmth, and color temperature.","{X} praised the soft, natural light, while {Y} found it too harsh.","Illumination Quality, Lighting Effect"
lighting-soft-boxes,Durability,Durability,Appreciated the durable construction,"The build quality and longevity of the softbox. For example, ruggedness, stability, and resistance to damage.","{X} appreciated the durable construction, but {Y} experienced breakage.","Build Quality, Longevity"
lighting-soft-boxes,Portability,Portability,Liked the lightweight and compact design,"How easy it is to transport and store the softbox. For example, weight, size, and foldability.","{X} liked the lightweight and compact design, although {Y} found it bulky.","Mobility, Storage Ease"
lighting-soft-boxes,Ease of Assembly,Ease of Assembly,Found it easy to set up and assemble,"The simplicity of assembling and disassembling the softbox. For example, clear instructions, simple components, and intuitive design.","{X} found it easy to set up and assemble, while {Y} had difficulties.","Assembly Ease, Setup Simplicity"
lighting-soft-boxes,Adjustability,Adjustability,Appreciated the adjustable light angle,"The ability to adjust the direction and angle of the light. For example, flexible head, tilting, and rotating.","{X} appreciated the adjustable light angle, but {Y} found it limited.","Flexibility, Directional Control"
lighting-soft-boxes,Color Temperature Options,Color Temperature Options,Liked the multiple color temperature options,"The availability of different color temperatures, such as daylight, soft white, or warm white.","{X} liked the multiple color temperature options, although {Y} found the selection limited.","Color Options, Kelvin Range"
lighting-soft-boxes,Power Efficiency,Power Efficiency,Appreciated the energy-efficient design,"The softbox's energy consumption and power efficiency. For example, low wattage, LED technology, and eco-friendliness.","{X} appreciated the energy-efficient design, but {Y} found it power-hungry.","Energy Savings, Eco-Friendliness"
lighting-soft-boxes,Accessories and Mounting Options,Accessories and Mounting Options,Liked the inclusion of multiple mounting options,"The availability of various accessories and mounting options, such as stands, brackets, and clamps.","{X} liked the inclusion of multiple mounting options, but {Y} found them limited.","Accessory Range, Mounting Flexibility"
lighting-soft-boxes,Weight Capacity,Weight Capacity,Appreciated the sturdy weight capacity,"The softbox's ability to hold a certain amount of weight, including lights, modifiers, and other equipment.","{X} appreciated the sturdy weight capacity, but {Y} found it insufficient.","Load Capacity, Structural Integrity"
lighting-soft-boxes,Heat Dissipation,Heat Dissipation,Praised the effective heat dissipation system,"The softbox's ability to dissipate heat generated by the lights, ensuring safe and continuous operation.","{X} praised the effective heat dissipation system, although {Y} experienced overheating issues.","Cooling System, Thermal Management"
lip-balms-moisturizers,Moisturizing Ability,Moisturizing Ability,Praised for its intense moisturizing power,"The product's ability to hydrate and soften dry, chapped lips.","{X} praised for its intense moisturizing power, while {Y} found it didn't last long.","Hydration Level, Lip Softening"
lip-balms-moisturizers,Flavor and Scent,Flavor and Scent,Liked the refreshing flavor and scent,"The taste and aroma of the lip balm or moisturizer. For example, minty, fruity, or neutral.","{X} liked the refreshing flavor and scent, but {Y} found it too overpowering.","Taste and Aroma, Fragrance"
lip-balms-moisturizers,Soothing Ability,Soothing Ability,"Appreciated its ability to soothe dry, chapped lips",The product's capacity to calm and comfort irritated or sore lips.,"{X} appreciated its ability to soothe dry, chapped lips, although {Y} found it didn't provide instant relief.","Comfort Level, Lip Calming"
lip-balms-moisturizers,Texture and Consistency,Texture and Consistency,"Found it had a smooth, non-greasy texture","The feel and consistency of the lip balm or moisturizer. For example, smooth, creamy, or waxy.","{X} found it had a smooth, non-greasy texture, while {Y} thought it was too thick.","Feeling on Lips, Product Consistency"
lip-balms-moisturizers,Duration of Effect,Duration of Effect,Praised for its long-lasting moisturizing effects,How long the product's moisturizing properties last before needing reapplication.,"{X} praised for its long-lasting moisturizing effects, but {Y} found it wore off quickly.","Moisturizing Duration, Lasting Power"
lip-balms-moisturizers,Ingredient Quality,Ingredient Quality,"Appreciated the use of natural, organic ingredients","The quality and type of ingredients used in the lip balm or moisturizer. For example, natural, organic, or chemical-based.","{X} appreciated the use of natural, organic ingredients, although {Y} was concerned about added chemicals.","Ingredient Purity, Natural Ingredients"
lip-balms-moisturizers,Packaging and Design,Packaging and Design,"Liked the convenient, portable design","The design and functionality of the product's packaging. For example, compact, easy to apply, or roll-up design.","{X} liked the convenient, portable design, but {Y} found it too small or difficult to use.","Packaging Convenience, Product Design"
lip-balms-moisturizers,Value for Money,Value for Money,Found it to be a great value for the price,"The product's price in relation to its quality, effectiveness, and quantity.","{X} found it to be a great value for the price, although {Y} thought it was overpriced.","Price to Performance, Cost-Effectiveness"
lip-balms-moisturizers,Brand Reputation,Brand Reputation,Trusted the brand's reputation for quality,"The brand's overall reputation, customer loyalty, and trustworthiness.","{X} trusted the brand's reputation for quality, while {Y} was skeptical due to past experiences.","Brand Trust, Customer Loyalty"
lip-balms-moisturizers, SPF and Sun Protection, SPF and Sun Protection,Appreciated the added SPF protection,The presence and level of sun protection factor (SPF) in the lip balm or moisturizer.,"{X} appreciated the added SPF protection, but {Y} found it wasn't sufficient.","Sunscreen Properties, UV Protection"
lip-glosses,Color Payoff,Color Payoff,Praised the vibrant color payoff,"How well the gloss applies and maintains its color. For example, being highly pigmented and long-lasting.","{X} praised the vibrant color payoff, but {Y} found it faded quickly.","Color Intensity, Pigmentation"
lip-glosses,Moisturizing Properties,Moisturizing Properties,Appreciated its moisturizing properties,"How well the gloss hydrates and nourishes the lips. For example, containing ingredients like vitamin E or aloe vera.","{X} appreciated its moisturizing properties, though {Y} experienced dryness.","Hydrating, Lip Care"
lip-glosses,Texture,Texture,"Liked the smooth, non-sticky texture","The feeling of the gloss on the lips. For example, being lightweight, non-greasy, and smooth.","{X} liked the smooth, non-sticky texture, but {Y} found it too tacky.","Feel, Consistency"
lip-glosses,Longevity,Longevity,Praised its long-lasting wear,"How well the gloss stays on the lips throughout the day. For example, being resistant to fading, bleeding, or feathering.","{X} praised its long-lasting wear, but {Y} found it didn't last as long as expected.","Wear Time, Durability"
lip-glosses,Shine and Finish,Shine and Finish,Appreciated the high-shine finish,"The level of shine and finish the gloss provides. For example, being highly reflective or having a subtle sheen.","{X} appreciated the high-shine finish, though {Y} found it too subtle.","Luster, Radiance"
lip-glosses,Packaging Design,Packaging Design,"Liked the convenient, portable design","The design and functionality of the gloss's packaging. For example, being compact, easy to apply, and travel-friendly.","{X} liked the convenient, portable design, but {Y} found it awkward to use.","Design, Portability"
lip-glosses,Flavor and Scent,Flavor and Scent,Praised the delicious flavor and scent,"The taste and smell of the gloss. For example, being pleasant, fruity, or neutral.","{X} praised the delicious flavor and scent, but {Y} found it unpleasant.","Taste, Aroma"
lip-glosses,Brand Reputation,Brand Reputation,Appreciated the trusted brand reputation,"The brand's reputation for quality, customer satisfaction, and reliability.","{X} appreciated the trusted brand reputation, though {Y} had doubts.","Brand Trust, Quality Standards"
lip-glosses,Value for Money,Value for Money,Found it to be great value for money,The price compared to the quality and performance of the gloss.,"{X} found it to be great value for money, but {Y} thought it was overpriced.","Price Point, Cost-Effectiveness"
lip-glosses,Ingredient Quality,Ingredient Quality,"Appreciated the natural, high-quality ingredients","The type and quality of ingredients used in the gloss. For example, being natural, organic, or cruelty-free.","{X} appreciated the natural, high-quality ingredients, though {Y} had concerns.","Ingredient Sourcing, Formulation"
liquid-laundry-detergent,Cleaning Effectiveness,Cleaning Effectiveness,Praised for its exceptional cleaning power,"The detergent's ability to remove tough stains and leave clothes clean. For example, effective at removing grease and food residue.","{X} praised for its exceptional cleaning power, while {Y} found it struggled with grass stains.","Stain Removal, Whitening Ability"
liquid-laundry-detergent,Foam Quality,Foam Quality,"Appreciated the rich, thick foam","The texture and consistency of the detergent's foam. For example, producing a generous amount of suds.","{X} appreciated the rich, thick foam, but {Y} found it too runny.","Sud Level, Foaming Ability"
liquid-laundry-detergent,Freshness and Scent,Freshness and Scent,Liked the long-lasting freshness,"The detergent's ability to leave clothes smelling fresh and clean. For example, maintaining a pleasant scent even after drying.","{X} liked the long-lasting freshness, while {Y} found the scent too overpowering.","Fragrance, Odor Elimination"
liquid-laundry-detergent,Gentleness on Clothes,Gentleness on Clothes,Praised for its gentle care,"The detergent's ability to be gentle on fabrics and prevent wear and tear. For example, safe for delicates and woolens.","{X} praised for its gentle care, but {Y} noticed fabric damage.","Fabric Protection, Gentle Formulation"
liquid-laundry-detergent,Concentrated Formula,Concentrated Formula,Appreciated the concentrated formula,"The detergent's concentrated formula, which requires less liquid per wash. For example, saving water and energy.","{X} appreciated the concentrated formula, although {Y} found it didn't make a difference.","Eco-Friendly Design, Water Efficiency"
liquid-laundry-detergent,Stain Pre-Treatment,Stain Pre-Treatment,Liked the built-in stain pre-treatment,"The detergent's ability to pre-treat stains before washing. For example, containing enzymes that break down protein-based stains.","{X} liked the built-in stain pre-treatment, but {Y} found it didn't work on grease spots.","Stain Remover, Pre-Wash Treatment"
liquid-laundry-detergent,Packaging and Dispensing,Packaging and Dispensing,Appreciated the convenient packaging,"The ease of use and convenience of the detergent's packaging. For example, easy-to-pour bottle or measuring cap.","{X} appreciated the convenient packaging, but {Y} found the cap difficult to open.","Dispensing System, Bottle Design"
liquid-laundry-detergent,Cold Water Performance,Cold Water Performance,Praised for its cold water performance,"The detergent's ability to clean effectively in cold water. For example, saving energy and reducing fabric wear.","{X} praised for its cold water performance, while {Y} found it didn't work as well as expected.","Cold Water Cleaning, Energy Efficiency"
liquid-laundry-detergent,Allergy-Friendly,Allergy-Friendly,Liked that it's allergy-friendly,"The detergent's formulation being gentle on skin and suitable for those with allergies. For example, fragrance-free and hypoallergenic.","{X} liked that it's allergy-friendly, but {Y} still experienced irritation.","Hypoallergenic Design, Sensitive Skin Formula"
liquid-laundry-detergent,Environmental Impact,Environmental Impact,Appreciated its eco-friendly design,"The detergent's commitment to reducing environmental impact. For example, biodegradable, phosphate-free, and made with sustainable materials.","{X} appreciated its eco-friendly design, although {Y} questioned its effectiveness.","Eco-Friendliness, Sustainable Formula"
manual-juicers,Ease of Operation,Ease of Operation,Found it easy to use,"How simple it is to assemble, operate, and clean the manual juicer.","{X} found it easy to use, while {Y} struggled with the assembly.","Usability, Handling"
manual-juicers,Juice Yield,Juice Yield,Appreciated the high juice yield,"The amount of juice extracted from fruits and vegetables. For example, efficient extraction.","{X} appreciated the high juice yield, but {Y} thought it was low."," Extraction Efficiency, Liquid Output"
manual-juicers,Durability,Durability,Praised its durability,"The manual juicer's ability to withstand regular use and maintenance. For example, being built to last.","{X} praised its durability, while {Y} experienced breakdowns.","Robustness, Longevity"
manual-juicers,Easy Cleaning,Easy Cleaning,Liked the easy cleaning design,"How simple it is to clean and maintain the manual juicer. For example, dishwasher-safe parts.","{X} liked the easy cleaning design, but {Y} found it tedious.","Cleaning Ease, Maintenance Convenience"
manual-juicers,Portability,Portability,Appreciated its compact design,"The manual juicer's size and weight, making it easy to store and transport.","{X} appreciated its compact design, though {Y} found it heavy.","Lightweight, Space-Saving"
manual-juicers,Noise Level,Noise Level,Liked the quiet operation,The level of noise generated by the manual juicer during use.,"{X} liked the quiet operation, while {Y} found it loud.","Sound Level, Operating Silence"
manual-juicers,Material Quality,Material Quality,Praised the high-quality materials,"The durability and robustness of the manual juicer's materials. For example, BPA-free plastics.","{X} praised the high-quality materials, but {Y} noticed cheap components.","Construction Quality, Build Materials"
manual-juicers,Mesh Quality,Mesh Quality,Appreciated the fine mesh design,The quality of the mesh or strainer used to separate juice from pulp and fibers.,"{X} appreciated the fine mesh design, though {Y} experienced clogging issues.","Filter Quality, Strainer Performance"
manual-juicers,Crushing Force,Crushing Force,Liked the powerful crushing force,The manual juicer's ability to effectively crush and press fruits and vegetables.,"{X} liked the powerful crushing force, but {Y} found it insufficient.","Pressing Power, Crushing Efficiency"
manual-juicers,Design Aesthetics,Design Aesthetics,Appreciated the modern design,"The manual juicer's visual appeal and design. For example, sleek lines and vibrant colors.","{X} appreciated the modern design, though {Y} found it bland.","Visual Appeal, Stylish Design"
